date,lat,lon,soil_moisture_pct,profile_storage_mm
2025-01-01,-35.09704,148.93607,15.61537110222178,37.958873732570545
2025-01-02,-35.09704,148.93607,15.4765427531961,36.48326542846671
2025-01-03,-35.09704,148.93607,15.295772107475319,34.56185191432591
2025-01-04,-35.09704,148.93607,15.129161094666873,32.79094132019495
2025-01-05,-35.09704,148.93607,15.414452882998557,35.823311401013164
2025-01-06,-35.09704,148.93607,15.263545571527004,34.21931564999969
2025-01-07,-35.09704,148.93607,15.325866304843387,34.88172352450725
2025-01-08,-35.09704,148.93607,15.176441989122893,33.29349055437084
2025-01-09,-35.09704,148.93607,15.042759222333501,31.87257470991667
2025-01-10,-35.09704,148.93607,14.950969141748256,30.896936764954212
2025-01-11,-35.09704,148.93607,14.840733530987666,29.7252410429501
2025-01-12,-35.09704,148.93607,17.96421659164796,62.924782594693205
2025-01-13,-35.09704,148.93607,17.72537304537004,60.38611147497755
2025-01-14,-35.09704,148.93607,18.207755491492833,65.51336068775205
2025-01-15,-35.09704,148.93607,17.915387993463646,62.40578279771952
2025-01-16,-35.09704,148.93607,20.299666103070088,87.74830543463023
2025-01-17,-35.09704,148.93607,19.884513465942735,83.33564272477975
2025-01-18,-35.09704,148.93607,19.501424051112437,79.2637804163596
2025-01-19,-35.09704,148.93607,19.12286666648033,75.24008911509927
2025-01-20,-35.09704,148.93607,18.790458037072746,71.70691352558856
2025-01-21,-35.09704,148.93607,18.431949608176915,67.89632283224216
2025-01-22,-35.09704,148.93607,18.13806134877983,64.77258075010634
2025-01-23,-35.09704,148.93607,17.941740234023577,62.685881100947064
2025-01-24,-35.09704,148.93607,18.116320426470658,64.54149620776724
2025-01-25,-35.09704,148.93607,17.839841286910747,61.602795883883005
2025-01-26,-35.09704,148.93607,17.60627023308864,59.120166154169574
2025-01-27,-35.09704,148.93607,17.310690952906285,55.97845019039741
2025-01-28,-35.09704,148.93607,17.047562978657837,53.18165957401394
2025-01-29,-35.09704,148.93607,16.798330735328037,50.53256685996134
2025-01-30,-35.09704,148.93607,17.29936488770649,55.85806529798217
2025-01-31,-35.09704,148.93607,17.097572459390847,53.71321098675819
2025-02-01,-35.09704,148.93607,16.855462366274047,51.13981969875538
2025-02-02,-35.09704,148.93607,16.588341082372885,48.300584142806194
2025-02-03,-35.09704,148.93607,16.357661411112467,45.84868695546122
2025-02-04,-35.09704,148.93607,16.12433184409354,43.36862399207905
2025-02-05,-35.09704,148.93607,15.9113854455189,41.10521398777498
2025-02-06,-35.09704,148.93607,16.006797190821107,42.119346653509815
2025-02-07,-35.09704,148.93607,15.80940772727061,40.02129151130082
2025-02-08,-35.09704,148.93607,16.071939957059456,42.81174995217484
2025-02-09,-35.09704,148.93607,16.00065692827662,42.054081724094345
2025-02-10,-35.09704,148.93607,17.95281755276993,62.80362206411518
2025-02-11,-35.09704,148.93607,18.55036195072641,69.15492914140529
2025-02-12,-35.09704,148.93607,18.561591335844987,69.27428641999606
2025-02-13,-35.09704,148.93607,18.314431129265085,66.6472174111594
2025-02-14,-35.09704,148.93607,20.15810318962307,86.24363141018502
2025-02-15,-35.09704,148.93607,20.75414431070685,92.5789601382958
2025-02-16,-35.09704,148.93607,20.403125092000995,88.84797235620684
2025-02-17,-35.09704,148.93607,20.046375391971544,85.05607521456012
2025-02-18,-35.09704,148.93607,19.754325217020714,81.95187015560131
2025-02-19,-35.09704,148.93607,19.447266108084698,78.6881349446258
2025-02-20,-35.09704,148.93607,19.19468485788296,76.0034455935361
2025-02-21,-35.09704,148.93607,18.892910206756497,72.79587895246138
2025-02-22,-35.09704,148.93607,18.58758567723785,69.55058060838205
2025-02-23,-35.09704,148.93607,18.38923047854437,67.44226065493997
2025-02-24,-35.09704,148.93607,18.142315536449196,64.81779856546024
2025-02-25,-35.09704,148.93607,17.908155242840333,62.32890579848864
2025-02-26,-35.09704,148.93607,17.610477445464085,59.1648846685213
2025-02-27,-35.09704,148.93607,17.338499690147312,56.274029615547164
2025-02-28,-35.09704,148.93607,17.094918360215267,53.685000532547015
2025-03-01,-35.09704,148.93607,16.850533379320918,51.087429433151094
2025-03-02,-35.09704,148.93607,16.629402173875864,48.737023011542995
2025-03-03,-35.09704,148.93607,16.448973857002557,46.819248115116906
2025-03-04,-35.09704,148.93607,16.275645294593573,44.97693660004037
2025-03-05,-35.09704,148.93607,16.103099862627165,43.14294898849195
2025-03-06,-35.09704,148.93607,15.954963403612336,41.56840466381386
2025-03-07,-35.09704,148.93607,15.832692323720664,40.26878378590136
2025-03-08,-35.09704,148.93607,15.699829931022524,38.856587708195285
2025-03-09,-35.09704,148.93607,15.56641120449953,37.43847835112247
2025-03-10,-35.09704,148.93607,15.449587578654608,36.19675853220854
2025-03-11,-35.09704,148.93607,15.940815581922095,41.41802728543531
2025-03-12,-35.09704,148.93607,15.8152804682441,40.08371295050362
2025-03-13,-35.09704,148.93607,15.663300433237254,38.46831520726166
2025-03-14,-35.09704,148.93607,15.51228168446968,36.863134987798105
2025-03-15,-35.09704,148.93607,15.360967028993635,35.2548095721313
2025-03-16,-35.09704,148.93607,15.241492854399318,33.98491703653174
2025-03-17,-35.09704,148.93607,15.132341367043612,32.824744476116365
2025-03-18,-35.09704,148.93607,15.022571069590988,31.657994575236433
2025-03-19,-35.09704,148.93607,14.911036603170796,30.472493299751388
2025-03-20,-35.09704,148.93607,14.864202221929538,29.974690060267633
2025-03-21,-35.09704,148.93607,15.088464379557237,32.35837541282096
2025-03-22,-35.09704,148.93607,15.46145352199363,36.32288179629669
2025-03-23,-35.09704,148.93607,15.356237053358054,35.20453460037624
2025-03-24,-35.09704,148.93607,15.232207750968332,33.88622555295953
2025-03-25,-35.09704,148.93607,15.12646863149429,32.76232309456712
2025-03-26,-35.09704,148.93607,15.016907079417436,31.59779195096612
2025-03-27,-35.09704,148.93607,14.926791565702317,30.639952998764695
2025-03-28,-35.09704,148.93607,14.866411081216004,29.998168053981324
2025-03-29,-35.09704,148.93607,15.979913189498937,41.833596258313534
2025-03-30,-35.09704,148.93607,16.852956326012134,51.11318296463835
2025-03-31,-35.09704,148.93607,16.920866179110966,51.83499766506796
2025-04-01,-35.09704,148.93607,16.761438694414228,50.14044088346009
2025-04-02,-35.09704,148.93607,16.62292726075291,48.66820107683271
2025-04-03,-35.09704,148.93607,16.492837998448167,47.28548063768007
2025-04-04,-35.09704,148.93607,16.36856043350052,45.964532804347954
2025-04-05,-35.09704,148.93607,16.229245182897586,44.48374921712852
2025-04-06,-35.09704,148.93607,16.12029264173879,43.32569125839422
2025-04-07,-35.09704,148.93607,16.004483816059167,42.094757763465516
2025-04-08,-35.09704,148.93607,15.895732172951764,40.93883515269862
2025-04-09,-35.09704,148.93607,15.77348119622885,39.63942795162501
2025-04-10,-35.09704,148.93607,15.674620087491611,38.588631957655515
2025-04-11,-35.09704,148.93607,15.561113838234174,37.3821725770792
2025-04-12,-35.09704,148.93607,15.45617412780275,36.26676704766378
2025-04-13,-35.09704,148.93607,15.359233684823145,35.23638583469013
2025-04-14,-35.09704,148.93607,15.269777211884943,34.28555183536743
2025-04-15,-35.09704,148.93607,15.191938968240972,33.458208144370644
2025-04-16,-35.09704,148.93607,15.109990911611217,32.58718119838522
2025-04-17,-35.09704,148.93607,15.025802055614548,31.69233676716096
2025-04-18,-35.09704,148.93607,14.943925026728703,30.822064775977413
2025-04-19,-35.09704,148.93607,14.861538179039673,29.946373914189678
2025-04-20,-35.09704,148.93607,14.788191539112432,29.166771536762216
2025-04-21,-35.09704,148.93607,15.113287552013617,32.622221231545325
2025-04-22,-35.09704,148.93607,15.21219824428475,33.67354424953312
2025-04-23,-35.09704,148.93607,15.157019743635658,33.08705125773981
2025-04-24,-35.09704,148.93607,15.126118785358543,32.758604575498836
2025-04-25,-35.09704,148.93607,15.064938718185722,32.10832085607532
2025-04-26,-35.09704,148.93607,15.024282324742352,31.67618352820975
2025-04-27,-35.09704,148.93607,15.086478118953952,32.33726342336857
2025-04-28,-35.09704,148.93607,15.034337075340535,31.78305560140298
2025-04-29,-35.09704,148.93607,14.986355582143062,31.27305969420976
2025-04-30,-35.09704,148.93607,15.911154814779913,41.102762610689425
2025-05-01,-35.09704,148.93607,15.836230247409272,40.306388422208265
2025-05-02,-35.09704,148.93607,15.74832982482744,39.37209370210038
2025-05-03,-35.09704,148.93607,15.667751832729305,38.51562918961074
2025-05-04,-35.09704,148.93607,15.59064997774787,37.69611258316194
2025-05-05,-35.09704,148.93607,15.521935255246131,36.96574291551573
2025-05-06,-35.09704,148.93607,15.446282043530108,36.161623956933006
2025-05-07,-35.09704,148.93607,15.370656531412546,35.35779941773797
2025-05-08,-35.09704,148.93607,15.301458149456977,34.622288927547665
2025-05-09,-35.09704,148.93607,15.233699227441523,33.902078475540975
2025-05-10,-35.09704,148.93607,15.174934279813801,33.277465092768175
2025-05-11,-35.09704,148.93607,15.121718853125802,32.71183763930973
2025-05-12,-35.09704,148.93607,15.135897167958088,32.8625391296865
2025-05-13,-35.09704,148.93607,15.087756404702397,32.35085033899973
2025-05-14,-35.09704,148.93607,15.42009574578195,35.88328946198221
2025-05-15,-35.09704,148.93607,15.354685545396165,35.1880436023307
2025-05-16,-35.09704,148.93607,15.307663127501485,34.68824171884365
2025-05-17,-35.09704,148.93607,15.258399935804967,34.164622621849325
2025-05-18,-35.09704,148.93607,15.194593985153997,33.4864283532249
2025-05-19,-35.09704,148.93607,15.168789287679537,33.21214989248229
2025-05-20,-35.09704,148.93607,15.117164331241714,32.66342756773176
2025-05-21,-35.09704,148.93607,15.073699659845012,32.201441017446875
2025-05-22,-35.09704,148.93607,15.30925222677034,34.70513227537355
2025-05-23,-35.09704,148.93607,19.689086629694348,81.25844837336155
2025-05-24,-35.09704,148.93607,20.026164254229503,84.84125077202481
2025-05-25,-35.09704,148.93607,19.882898799833402,83.3184804179742
2025-05-26,-35.09704,148.93607,19.790668032950325,82.33815841269444
2025-05-27,-35.09704,148.93607,20.17410837097428,86.41375068824519
2025-05-28,-35.09704,148.93607,20.05978545313775,85.19861092685714
2025-05-29,-35.09704,148.93607,19.93878896284615,83.91253767816731
2025-05-30,-35.09704,148.93607,19.808355337915323,82.52615700424104
2025-05-31,-35.09704,148.93607,19.687461691472947,81.24117688414495
2025-06-01,-35.09704,148.93607,19.58662542971488,80.1693869633596
2025-06-02,-35.09704,148.93607,19.490706514480237,79.14986358190181
2025-06-03,-35.09704,148.93607,19.374758844417997,77.91745430824771
2025-06-04,-35.09704,148.93607,19.250157689675685,76.59306703483375
2025-06-05,-35.09704,148.93607,19.137955504305893,75.40046856606111
2025-06-06,-35.09704,148.93607,19.061237046132497,74.5850270892071
2025-06-07,-35.09704,148.93607,19.172437671026568,75.76697995882506
2025-06-08,-35.09704,148.93607,20.146976663279666,86.12536741883613
2025-06-09,-35.09704,148.93607,20.947738459610335,94.6366748323966
2025-06-10,-35.09704,148.93607,20.834510112292605,93.43316927510521
2025-06-11,-35.09704,148.93607,20.705999661637097,92.06723004524147
2025-06-12,-35.09704,148.93607,20.599964928296874,90.94018550327024
2025-06-13,-35.09704,148.93607,20.4992971891905,89.87018681191333
2025-06-14,-35.09704,148.93607,20.38898359257084,88.69766217721194
2025-06-15,-35.09704,148.93607,20.405124451189806,88.86922357069294
2025-06-16,-35.09704,148.93607,20.65387187000302,91.51316307873444
2025-06-17,-35.09704,148.93607,20.58975992300475,90.83171637100605
2025-06-18,-35.09704,148.93607,20.472955804821716,89.59020389928085
2025-06-19,-35.09704,148.93607,20.361756760226022,88.40826782667462
2025-06-20,-35.09704,148.93607,20.25202473050837,87.24192467404096
2025-06-21,-35.09704,148.93607,20.128126387835795,85.92500759913911
2025-06-22,-35.09704,148.93607,20.013787431450663,84.70969736381203
2025-06-23,-35.09704,148.93607,19.940698151464126,83.93283046849837
2025-06-24,-35.09704,148.93607,21.39467547596055,99.38717411706195
2025-06-25,-35.09704,148.93607,21.987007335201483,105.68307705342473
2025-06-26,-35.09704,148.93607,22.658431979034717,112.81965821263024
2025-06-27,-35.09704,148.93607,22.503256839068996,111.17029965776089
2025-06-28,-35.09704,148.93607,22.345376141990464,109.49218370160497
2025-06-29,-35.09704,148.93607,22.204575786386016,107.99561491425835
2025-06-30,-35.09704,148.93607,22.075364093181882,106.62222216834252
2025-07-01,-35.09704,148.93607,21.966878129535516,105.46912346797788
2025-07-02,-35.09704,148.93607,22.39934029994201,110.06576942927606
2025-07-03,-35.09704,148.93607,22.23257768794902,108.29324748546628
2025-07-04,-35.09704,148.93607,22.467437124536033,110.78957145212844
2025-07-05,-35.09704,148.93607,22.35966806034598,109.64409268528863
2025-07-06,-35.09704,148.93607,22.248107404310183,108.4583130400431
2025-07-07,-35.09704,148.93607,23.1189113151246,117.71409898766788
2025-07-08,-35.09704,148.93607,22.992631871301143,116.37187315806422
2025-07-09,-35.09704,148.93607,22.85226426673291,114.87990408703727
2025-07-10,-35.09704,148.93607,23.23399608830401,118.93733651927634
2025-07-11,-35.09704,148.93607,23.7514451636356,124.43730938410452
2025-07-12,-35.09704,148.93607,23.598693592027587,122.81371096842355
2025-07-13,-35.09704,148.93607,23.45175274118366,121.2518747783435
2025-07-14,-35.09704,148.93607,23.383564890047296,120.52710523320397
2025-07-15,-35.09704,148.93607,23.250145421880212,119.10898799318659
2025-07-16,-35.09704,148.93607,23.07958902202715,117.2961418295066
2025-07-17,-35.09704,148.93607,22.913008589180656,115.52555627018377
2025-07-18,-35.09704,148.93607,22.733435697055015,113.61687369438276
2025-07-19,-35.09704,148.93607,22.556829660587567,111.73972586546188
2025-07-20,-35.09704,148.93607,22.383141462176653,109.8935917747037
2025-07-21,-35.09704,148.93607,22.222156902704057,108.18248482531318
2025-07-22,-35.09704,148.93607,22.087881184701594,106.75526649480284
2025-07-23,-35.09704,148.93607,23.598411840095636,122.81071622352165
2025-07-24,-35.09704,148.93607,23.43876540363693,121.11383220082489
2025-07-25,-35.09704,148.93607,23.288439342952934,119.51601457189457
2025-07-26,-35.09704,148.93607,24.450381390593886,131.86631151354615
2025-07-27,-35.09704,148.93607,25.3614347065386,141.54990890503188
2025-07-28,-35.09704,148.93607,25.907296463080918,147.35188052321737
2025-07-29,-35.09704,148.93607,26.300334418315252,151.52948599531362
2025-07-30,-35.09704,148.93607,26.167961106244746,150.12248836187763
2025-07-31,-35.09704,148.93607,25.894308880002598,147.21383533594036
2025-08-01,-35.09704,148.93607,25.685240243739194,144.991642117026
2025-08-02,-35.09704,148.93607,25.624874938435493,144.3500185119695
2025-08-03,-35.09704,148.93607,25.36174511455011,141.5532082357713
2025-08-04,-35.09704,148.93607,25.110047043972905,138.87790621224923
2025-08-05,-35.09704,148.93607,25.014744981043734,137.8649393618655
2025-08-06,-35.09704,148.93607,24.778835481356708,135.3574542610324
2025-08-07,-35.09704,148.93607,24.580548576782533,133.2498602066612
2025-08-08,-35.09704,148.93607,24.367462990267878,130.98497077195577
2025-08-09,-35.09704,148.93607,24.16972069126161,128.8831653371576
2025-08-10,-35.09704,148.93607,23.952084752634875,126.56991015143444
2025-08-11,-35.09704,148.93607,23.738355045379095,124.29817434910224
2025-08-12,-35.09704,148.93607,23.517338432263355,121.94898593083353
2025-08-13,-35.09704,148.93607,23.349606573646746,120.1661618522179
2025-08-14,-35.09704,148.93607,23.17730579047101,118.33477461580645
2025-08-15,-35.09704,148.93607,22.993366250140223,116.3796788801729
2025-08-16,-35.09704,148.93607,22.824562115249833,114.58545756327715
2025-08-17,-35.09704,148.93607,22.711219912447696,113.38074183458026
2025-08-18,-35.09704,148.93607,22.499469702344665,111.13004613289787
2025-08-19,-35.09704,148.93607,22.296895225605688,108.97687941894213
2025-08-20,-35.09704,148.93607,22.202629557844343,107.97492842610278
2025-08-21,-35.09704,148.93607,22.163788387430476,107.56208512712202
2025-08-22,-35.09704,148.93607,22.004177316878696,105.86557700910396
2025-08-23,-35.09704,148.93607,21.80646245091793,103.76406316049864
2025-08-24,-35.09704,148.93607,21.575530387708255,101.30948329588476
2025-08-25,-35.09704,148.93607,21.35912695916706,99.00932847568401
2025-08-26,-35.09704,148.93607,21.16535683088278,96.94974329448547
2025-08-27,-35.09704,148.93607,22.29649594885423,108.97263550122487
2025-08-28,-35.09704,148.93607,22.963828155086514,116.06571808863026
2025-08-29,-35.09704,148.93607,23.665623261472074,123.52510728420732
2025-08-30,-35.09704,148.93607,24.762816366492025,135.18718688347866
2025-08-31,-35.09704,148.93607,24.492194203548113,132.31074043923903
2025-09-01,-35.09704,148.93607,24.227330205828864,129.49549760709698
2025-09-02,-35.09704,148.93607,23.991278088686393,126.98649662349894
2025-09-03,-35.09704,148.93607,23.702981551674625,123.92218903038447
2025-09-04,-35.09704,148.93607,23.371739677155745,120.40141489356485
2025-09-05,-35.09704,148.93607,23.114554681866785,117.66779227683917
2025-09-06,-35.09704,148.93607,22.831619789227616,114.66047367059501
2025-09-07,-35.09704,148.93607,22.586697805487894,112.05719476106144
2025-09-08,-35.09704,148.93607,22.632954879838096,112.5488617981886
2025-09-09,-35.09704,148.93607,22.295892067832504,108.96621684209225
2025-09-10,-35.09704,148.93607,22.602955795402565,112.23000114458827
2025-09-11,-35.09704,148.93607,25.845499034770594,146.69503486433752
2025-09-12,-35.09704,148.93607,25.58867219525886,143.96521908996598
2025-09-13,-35.09704,148.93607,25.287594914167673,140.7650648039493
2025-09-14,-35.09704,148.93607,24.9995084749428,137.702990342909
2025-09-15,-35.09704,148.93607,24.649914623663282,133.98715280949372
2025-09-16,-35.09704,148.93607,24.38169472845047,131.13624009980882
2025-09-17,-35.09704,148.93607,24.494297031010944,132.33309141933805
2025-09-18,-35.09704,148.93607,24.17017806974353,128.88802681891383
2025-09-19,-35.09704,148.93607,23.900632016015116,126.02301835334112
2025-09-20,-35.09704,148.93607,24.669539884190172,134.1957499555876
2025-09-21,-35.09704,148.93607,24.388893685156695,131.21275790306112
2025-09-22,-35.09704,148.93607,24.044035140369843,127.54725200314935
2025-09-23,-35.09704,148.93607,24.262654273765637,129.87095757869534
2025-09-24,-35.09704,148.93607,23.991052597696452,126.98409987687198
2025-09-25,-35.09704,148.93607,23.66298966910751,123.49711479715376
2025-09-26,-35.09704,148.93607,23.26105028614107,119.22489593541438
2025-09-27,-35.09704,148.93607,22.846342873654862,114.8169655239905
2025-09-28,-35.09704,148.93607,22.524027227343552,111.39106838138613
2025-09-29,-35.09704,148.93607,22.211328803074956,108.06739281534182
2025-09-30,-35.09704,148.93607,21.92730181956516,105.04846636121327
2025-10-01,-35.09704,148.93607,21.618307776449257,101.76416470999865
2025-10-02,-35.09704,148.93607,21.3827200528303,99.26009977112406
2025-10-03,-35.09704,148.93607,21.24537230172126,97.80022876128449
2025-10-04,-35.09704,148.93607,20.979578069503432,94.97509845471448
2025-10-05,-35.09704,148.93607,20.695964759375386,91.96056894027137
2025-10-06,-35.09704,148.93607,20.437811880331164,89.21665867468506
2025-10-07,-35.09704,148.93607,20.25995942447913,87.32626263812358
2025-10-08,-35.09704,148.93607,19.999186960845215,84.55450877430258
2025-10-09,-35.09704,148.93607,21.021099981728995,95.41643539282774
2025-10-10,-35.09704,148.93607,20.90449121444052,94.17699930826865
2025-10-11,-35.09704,148.93607,20.54319913331352,90.33682113962001
2025-10-12,-35.09704,148.93607,20.29768839862586,87.72728438870227
2025-10-13,-35.09704,148.93607,20.000391518598846,84.56731203413032
2025-10-14,-35.09704,148.93607,19.736506327349083,81.76247294851856
2025-10-15,-35.09704,148.93607,19.459423453072652,78.81735552058154
2025-10-16,-35.09704,148.93607,19.16410881401815,75.6784524307548
2025-10-17,-35.09704,148.93607,18.900871719598538,72.88050197467115
2025-10-18,-35.09704,148.93607,18.647366911248902,70.1859961121706
2025-10-19,-35.09704,148.93607,18.422076698726503,67.79138355094308
2025-10-20,-35.09704,148.93607,18.110443397465062,64.47902919101614
2025-10-21,-35.09704,148.93607,18.07547688883612,64.10736972189115
2025-10-22,-35.09704,148.93607,18.180815486192195,65.22701502554966
2025-10-23,-35.09704,148.93607,18.095683102334355,64.32214182457585
2025-10-24,-35.09704,148.93607,18.043698050773358,63.76959204413811
2025-10-25,-35.09704,148.93607,17.85897671399056,61.80618658397928
2025-10-26,-35.09704,148.93607,17.74354729640994,60.57928582260576
2025-10-27,-35.09704,148.93607,18.656416718520184,70.2821866298405
2025-10-28,-35.09704,148.93607,18.699376255026475,70.73880409489017
2025-10-29,-35.09704,148.93607,18.541943541994122,69.06544976691237
2025-10-30,-35.09704,148.93607,18.367939845130852,67.21596223905368
2025-10-31,-35.09704,148.93607,18.185265271641672,65.27431185221954
2025-11-01,-35.09704,148.93607,18.298935617189873,66.48251541437709
2025-11-02,-35.09704,148.93607,18.034964191440594,63.67675974116288
2025-11-03,-35.09704,148.93607,17.847662652194074,61.6859292758919
2025-11-04,-35.09704,148.93607,17.963586458782007,62.91808490437123
2025-11-05,-35.09704,148.93607,19.006574832572895,74.00402171951619
2025-11-06,-35.09704,148.93607,18.7425396437433,71.19758830770267
2025-11-07,-35.09704,148.93607,18.46621806997016,68.26056275258887
2025-11-08,-35.09704,148.93607,18.22572888086317,65.70440007411585
2025-11-09,-35.09704,148.93607,18.000124989685744,63.306453418436995
2025-11-10,-35.09704,148.93607,17.785587275244644,61.02612929735865
2025-11-11,-35.09704,148.93607,17.586968831446185,58.91501130831612
2025-11-12,-35.09704,148.93607,17.449180368199222,57.45045596350457
2025-11-13,-35.09704,148.93607,17.213359514819903,54.943913085414145
2025-11-14,-35.09704,148.93607,16.965702082524704,52.311559058066095
2025-11-15,-35.09704,148.93607,17.16996382631566,54.48265975517882
2025-11-16,-35.09704,148.93607,17.041267393105926,53.11474371435854
2025-11-17,-35.09704,148.93607,16.90326155296583,51.64787786775915
2025-11-18,-35.09704,148.93607,16.700256677065475,49.49013643559155
2025-11-19,-35.09704,148.93607,16.49489674380072,47.307363068463026
2025-11-20,-35.09704,148.93607,16.28801081283185,45.10836985214635
2025-11-21,-35.09704,148.93607,16.18761990098149,44.04131356124752
2025-11-22,-35.09704,148.93607,16.099456549042607,43.10422416162799
2025-11-23,-35.09704,148.93607,17.620181081124223,59.26802473653042
2025-11-24,-35.09704,148.93607,17.515416404790756,58.154479646789284
2025-11-25,-35.09704,148.93607,17.284511770536337,55.70019132489294
2025-11-26,-35.09704,148.93607,17.261647021779485,55.4571616168135
2025-11-27,-35.09704,148.93607,16.98934410426868,52.56285041070447
2025-11-28,-35.09704,148.93607,16.76417839680529,50.16956121534759
2025-11-29,-35.09704,148.93607,16.589670474160876,48.314714265187796
2025-11-30,-35.09704,148.93607,16.6708599518893,49.17767826629219
2025-12-01,-35.09704,148.93607,16.588067459245078,48.29767579906791
2025-12-02,-35.09704,148.93607,16.766418772114356,50.193374193270145
2025-12-03,-35.09704,148.93607,16.558140745076027,47.97958436995913
2025-12-04,-35.09704,148.93607,16.335434440603066,45.612436200561916
2025-12-05,-35.09704,148.93607,16.072694404028265,42.81976897869207
2025-12-06,-35.09704,148.93607,15.83370448487208,40.279542059774144
2025-12-07,-35.09704,148.93607,15.669309166135594,38.53218210637958
2025-12-08,-35.09704,148.93607,15.516315631151922,36.9060118588724
2025-12-09,-35.09704,148.93607,15.323542537122936,34.85702416757353
2025-12-10,-35.09704,148.93607,15.157068217633988,33.087566488490395
2025-12-11,-35.09704,148.93607,15.050860351407689,31.958681714850332
2025-12-12,-35.09704,148.93607,14.956855720804416,30.959505289315384
2025-12-13,-35.09704,148.93607,14.886568576896746,30.212422334358415
2025-12-14,-35.09704,148.93607,15.263267646308542,34.2163615792846
2025-12-15,-35.09704,148.93607,15.127208834910263,32.77019072617839
2025-12-16,-35.09704,148.93607,14.982431040082691,31.231345686265914
2025-12-17,-35.09704,148.93607,14.820696119586444,29.51226313992164
2025-12-18,-35.09704,148.93607,14.665222701672402,27.859734184910266
2025-12-19,-35.09704,148.93607,14.524687649182756,26.365985307776896
2025-12-20,-35.09704,148.93607,14.814454188590688,29.445917575232436
2025-12-21,-35.09704,148.93607,15.842013960019798,40.36786357779814
2025-12-22,-35.09704,148.93607,18.135184259295425,64.74200012903988
2025-12-23,-35.09704,148.93607,17.825981719169768,61.45548236043183
2025-12-24,-35.09704,148.93607,17.540724488499293,58.42347959343823
2025-12-25,-35.09704,148.93607,17.26692681090067,55.51328056316572
2025-12-26,-35.09704,148.93607,17.02167067520296,52.906449948180786
2025-12-27,-35.09704,148.93607,16.78319702434282,50.37171045160945
2025-12-28,-35.09704,148.93607,16.544879619499255,47.838631695954284
2025-12-29,-35.09704,148.93607,16.324968032770283,45.501188617337114
2025-12-30,-35.09704,148.93607,16.095442801544557,43.061561987941836
2025-12-31,-35.09704,148.93607,15.976929327120104,41.801880746781436
